{"cameraMode":{"drawMode":0,"name":"Shaded","section":"Shading Mode"},"sceneLighting":false,"audioPlay":false,"sceneViewState":{"m_AlwaysRefresh":false,"showFog":true,"showSkybox":false,"showFlares":true,"showImageEffects":true,"showParticleSystems":true,"showVisualEffectGraphs":true,"m_FxEnabled":true},"in2DMode":false,"pivot":{"x":-6.9292144775390629,"y":-13.045379638671875,"z":0.07723236083984375},"rotation":{"x":-0.19311927258968354,"y":0.02502274326980114,"z":0.004929851740598679,"w":0.9808823466300964},"size":481.6220397949219,"orthographic":false}