{"cameraMode":{"drawMode":0,"name":"Shaded","section":"Shading Mode"},"sceneLighting":false,"audioPlay":false,"sceneViewState":{"m_AlwaysRefresh":false,"showFog":true,"showSkybox":false,"showFlares":true,"showImageEffects":true,"showParticleSystems":true,"showVisualEffectGraphs":true,"m_FxEnabled":true},"in2DMode":false,"pivot":{"x":-116.91815185546875,"y":-32.940582275390628,"z":-1378.5009765625},"rotation":{"x":0.034481000155210498,"y":0.02698073722422123,"z":-0.0009324760758318007,"w":0.9990469813346863},"size":784.9317626953125,"orthographic":false}