{"cameraMode":{"drawMode":0,"name":"Shaded","section":"Shading Mode"},"sceneLighting":true,"audioPlay":false,"sceneViewState":{"m_AlwaysRefresh":false,"showFog":true,"showSkybox":true,"showFlares":true,"showImageEffects":true,"showParticleSystems":true,"showVisualEffectGraphs":true,"m_FxEnabled":true},"in2DMode":false,"pivot":{"x":0.4213903546333313,"y":0.07287538051605225,"z":37.2675666809082},"rotation":{"x":-0.26073142886161806,"y":-0.03908505290746689,"z":-0.010567286051809788,"w":0.9645667672157288},"size":1.1283289194107056,"orthographic":false}