{"cameraMode":{"drawMode":0,"name":"Shaded","section":"Shading Mode"},"sceneLighting":true,"audioPlay":false,"sceneViewState":{"m_AlwaysRefresh":false,"showFog":true,"showSkybox":true,"showFlares":true,"showImageEffects":true,"showParticleSystems":true,"showVisualEffectGraphs":true,"m_FxEnabled":true},"in2DMode":false,"pivot":{"x":0.41570544242858889,"y":-0.421208918094635,"z":37.627052307128909},"rotation":{"x":-0.13602904975414277,"y":-0.026750747114419938,"z":-0.0036644116044044496,"w":0.9903512597084045},"size":1.0810339450836182,"orthographic":false}