{"cameraMode":{"drawMode":0,"name":"Shaded","section":"Shading Mode"},"sceneLighting":true,"audioPlay":false,"sceneViewState":{"m_AlwaysRefresh":false,"showFog":true,"showSkybox":true,"showFlares":true,"showImageEffects":true,"showParticleSystems":true,"showVisualEffectGraphs":true,"m_FxEnabled":true},"in2DMode":false,"pivot":{"x":3.3415915966033937,"y":-1.1001055240631104,"z":50.190704345703128},"rotation":{"x":0.06566654145717621,"y":0.0926605761051178,"z":-0.0061359526589512829,"w":0.9935197830200195},"size":619.988525390625,"orthographic":false}